movie_name,URL
IF (2024) ,https://www.filmyzilla.vg/movie/18285/If-(2024)-hindi-dubbed.html
Boonie Bears: Guardian Code (2023) ,https://www.filmyzilla.vg/movie/18282/Boonie-bears:-guardian-code-(2023)-hindi-dubbed.html
Inside Out 2 (2024) ,https://www.filmyzilla.vg/movie/18279/Inside-out-2-(2024)-hindi-dubbed.html
Ultraman: Rising (2024) ,https://www.filmyzilla.vg/movie/18260/Ultraman:-rising-(2024)-hindi-dubbed.html
The Legend of Hanuman (2024) Season 1 ,https://www.filmyzilla.vg/movie/18211/The-legend-of-hanuman-(2024)-season-1-hindi-web-series.html
Motu Patlu and The Race to the Diamond Valley (2024) ,https://www.filmyzilla.vg/movie/18209/Motu-patlu-and-the-race-to-the-diamond-valley-(2024)-hindi-movie.html
Double Tuckerr (2024) ,https://www.filmyzilla.vg/movie/18176/Double-tuckerr-(2024)-south-indian-hindi-dubbed-movie.html
Dragonkeeper (2024) ,https://www.filmyzilla.vg/movie/18129/Dragonkeeper-(2024)-hindi-dubbed.html
The Garfield  (2024) ,https://www.filmyzilla.vg/movie/17977/The-garfield-movie-(2024)-hindi-dubbed.html
IF (2024) ,https://www.filmyzilla.vg/movie/17975/If-(2024)-english-movie.html
Thelma the Unicorn (2024) ,https://www.filmyzilla.vg/movie/17967/Thelma-the-unicorn-(2024)-hindi-dubbed.html
Baahubali: Crown of Blood (2024) Season 1 ,https://www.filmyzilla.vg/movie/17966/Baahubali:-crown-of-blood-(2024)-season-1-hindi-web-series.html
Suzume (2023) ,https://www.filmyzilla.vg/movie/17957/Suzume-(2023)-hindi-dubbed.html
Noahs Ark (2024) ,https://www.filmyzilla.vg/movie/17864/Noahs-ark-(2024)-hindi-dubbed.html
The Garfield  (2024) ,https://www.filmyzilla.vg/movie/17843/The-garfield-movie-(2024)-english-movie.html
The Jungle Book (2024) ,https://www.filmyzilla.vg/movie/17793/The-jungle-book-(2024)-hindi-dubbed.html
Appu (2024) ,https://www.filmyzilla.vg/movie/17703/Appu-(2024)-hindi-movie.html
Luv You Shankar (2024) ,https://www.filmyzilla.vg/movie/17706/Luv-you-shankar-(2024)-hindi-movie.html
Klaus (2019) ,https://www.filmyzilla.vg/movie/17687/Klaus-(2019)-hindi-dubbed.html
Pokemon the  The Power of Us (2018) ,https://www.filmyzilla.vg/movie/17638/Pokemon-the-movie-the-power-of-us-(2018)-hindi-dubbed.html
Teen Titans Go DC Super Hero Girls Mayhem in the Multiverse (2022) ,https://www.filmyzilla.vg/movie/17592/Teen-titans-go-dc-super-hero-girls-mayhem-in-the-multiverse-(2022)-hindi-dubbed.html
Marcel the Shell with Shoes On (2021) ,https://www.filmyzilla.vg/movie/17524/Marcel-the-shell-with-shoes-on-(2021)-hindi-dubbed.html
Onimusha (2023) Season 1 ,https://www.filmyzilla.vg/movie/17457/Onimusha-(2023)-season-1-hindi-web-series.html
Cat and Dog (2024) ,https://www.filmyzilla.vg/movie/17394/Cat-and-dog-(2024)-hindi-dubbed.html
The Casagrandes  (2024) ,https://www.filmyzilla.vg/movie/17374/The-casagrandes-movie-(2024)-hindi-dubbed.html
X-Men 97 (2024) Season 1 ,https://www.filmyzilla.vg/movie/17361/X-men-97-(2024)-season-1-hindi-web-series.html
Kung Fu Panda 4 (2024) ,https://www.filmyzilla.vg/movie/17312/Kung-fu-panda-4-(2024)-hindi-dubbed.html
Frida (2024) ,https://www.filmyzilla.vg/movie/17308/Frida-(2024)-english-movie.html
The Emoji  (2017) ,https://www.filmyzilla.vg/movie/17299/The-emoji-movie-(2017)-hindi-dubbed.html
The Wild Thornberrys (2002) ,https://www.filmyzilla.vg/movie/17287/The-wild-thornberrys-(2002)-hindi-dubbed.html
Kung Fu Panda 4 (2024) ,https://www.filmyzilla.vg/movie/17266/Kung-fu-panda-4-(2024)-english-movie.html
Hot Wheels Lets Race (2024) Season 1 ,https://www.filmyzilla.vg/movie/17262/Hot-wheels-lets-race-(2024)-season-1-hindi-web-series.html
Orion and the Dark (2024) ,https://www.filmyzilla.vg/movie/16948/Orion-and-the-dark-(2024)-hindi-dubbed.html
Hazbin Hotel (2024) Season 1 ,https://www.filmyzilla.vg/movie/16929/Hazbin-hotel-(2024)-season-1-hindi-web-series.html
Justice League Crisis on Infinite Earths Part One (2024) ,https://www.filmyzilla.vg/movie/16891/Justice-league-crisis-on-infinite-earths-part-one-(2024)-hindi-dubbed.html
Kris in Bollywood (2024) ,https://www.filmyzilla.vg/movie/16854/Kris-in-bollywood-(2024)-hindi-movie.html
The Legend of Hanuman (2024) Season 3 ,https://www.filmyzilla.vg/movie/16768/The-legend-of-hanuman-(2024)-season-3-hindi-web-series.html
Kris in Ande ka Funda (2023) ,https://www.filmyzilla.vg/movie/16747/Kris-in-ande-ka-funda-(2023)-hindi-dubbed.html
Bhoot Bandhus And The Power Of Three (2023) ,https://www.filmyzilla.vg/movie/16724/Bhoot-bandhus-and-the-power-of-three-(2023)-hindi-movie.html
What If (2023) Season 2 ,https://www.filmyzilla.vg/movie/16652/What-if-(2023)-season-2-web-series.html
Migration (2023) ,https://www.filmyzilla.vg/movie/16622/Migration-(2023)-hindi-dubbed.html
What If (2023) Season 2 ,https://www.filmyzilla.vg/movie/16605/What-if-(2023)-season-2-web-series.html
Trolls Band Together (2023) ,https://www.filmyzilla.vg/movie/16541/Trolls-band-together-(2023)-hindi-dubbed.html
Diary of a Wimpy Kid Christmas Cabin Fever (2023) ,https://www.filmyzilla.vg/movie/16479/Diary-of-a-wimpy-kid-christmas-cabin-fever-(2023)-english-movie.html
Chicken Run Dawn of the Nugget (2023) ,https://www.filmyzilla.vg/movie/16490/Chicken-run-dawn-of-the-nugget-(2023)-hindi-dubbed.html
Wish (2023) ,https://www.filmyzilla.vg/movie/16491/Wish-(2023)-hindi-dubbed.html
Resident Evil Vendetta (2017) ,https://www.filmyzilla.vg/movie/16446/Resident-evil-vendetta-(2017)-hindi-dubbed.html
Merry Little Batman (2023) ,https://www.filmyzilla.vg/movie/16410/Merry-little-batman-(2023)-hindi-dubbed.html
Wish (2023) ,https://www.filmyzilla.vg/movie/16376/Wish-(2023)-hindi-dubbed.html
The Bad Guys A Very Bad Holiday (2023) ,https://www.filmyzilla.vg/movie/16332/The-bad-guys-a-very-bad-holiday-(2023)-hindi-dubbed.html
Trolls Band Together (2023) ,https://www.filmyzilla.vg/movie/16292/Trolls-band-together-(2023)-hindi-dubbed.html
The Velveteen Rabbit (2023) ,https://www.filmyzilla.vg/movie/16147/The-velveteen-rabbit-(2023)-hindi-dubbed.html
Trolls Band Together (2023) ,https://www.filmyzilla.vg/movie/16156/Trolls-band-together-(2023)-english-movie.html
LEO (2023) ,https://www.filmyzilla.vg/movie/16157/Leo-(2023)-hindi-dubbed.html
The Swan Princess Far Longer Than Forever (2023) ,https://www.filmyzilla.vg/movie/16009/The-swan-princess-far-longer-than-forever-(2023)-hindi-dubbed.html
Invincible (2023) Season 2 ,https://www.filmyzilla.vg/movie/15983/Invincible-(2023)-season-2-web-series.html
Onimusha (2023) ,https://www.filmyzilla.vg/movie/15987/Onimusha-(2023)-web-series.html
Scooby Doo and Krypto Too (2023) ,https://www.filmyzilla.vg/movie/15562/Scooby-doo-and-krypto-too-(2023)-english-movie.html
Chhota Bheem Aur Registaan Ka Shehenshah (2023) ,https://www.filmyzilla.vg/movie/15490/Chhota-bheem-aur-registaan-ka-shehenshah-(2023)-hindi-dubbed.html
I Am Groot (2023) Season 2 ,https://www.filmyzilla.vg/movie/15396/I-am-groot-(2023)-season-2-web-series.html
Spaced Cats (2020) ,https://www.filmyzilla.vg/movie/15216/Spaced-cats-(2020)-hindi-dubbed.html
Resident Evil Death Island (2023) ,https://www.filmyzilla.vg/movie/15217/Resident-evil-death-island-(2023)-hindi-dubbed.html
Teenage Mutant Ninja Turtles Mutant Mayhem (2023) ,https://www.filmyzilla.vg/movie/15226/Teenage-mutant-ninja-turtles-mutant-mayhem-(2023)-hindi-dubbed.html
Leo Da Vinci Mission Mona Lisa (2018) ,https://www.filmyzilla.vg/movie/15041/Leo-da-vinci-mission-mona-lisa-(2018)-hindi-dubbed.html
Jujutsu Kaisen (2020) ,https://www.filmyzilla.vg/movie/15012/Jujutsu-kaisen-(2020)-web-series.html
One of a Kind Marcie (2023) ,https://www.filmyzilla.vg/movie/14967/One-of-a-kind-marcie-(2023)-hindi-dubbed.html
The Legend of Muay Thai 9 Satra (2018) ,https://www.filmyzilla.vg/movie/14908/The-legend-of-muay-thai-9-satra-(2018)-hindi-dubbed.html
Rally Road Racers (2023) ,https://www.filmyzilla.vg/movie/14777/Rally-road-racers-(2023)-hindi-dubbed.html
Emesis Blue (2022) ,https://www.filmyzilla.vg/movie/14752/Emesis-blue-(2022)-hindi-dubbed.html
Realm of Terracotta (2021) ,https://www.filmyzilla.vg/movie/14692/Realm-of-terracotta-(2021)-hindi-dubbed.html
The Snow Queen 3 Fire and Ice (2016) ,https://www.filmyzilla.vg/movie/14636/The-snow-queen-3-fire-and-ice-(2016)-hindi-dubbed.html
Invincible (2021) ,https://www.filmyzilla.vg/movie/14564/Invincible-(2021)-web-series.html
Suzume (2022) ,https://www.filmyzilla.vg/movie/14515/Suzume-(2022)-hindi-dubbed.html
Nimona (2023) ,https://www.filmyzilla.vg/movie/14496/Nimona-(2023)-hindi-dubbed.html
Deep Sea (2023) ,https://www.filmyzilla.vg/movie/14457/Deep-sea-(2023)-hindi-dubbed.html
Rally Road Racers (2023) ,https://www.filmyzilla.vg/movie/14452/Rally-road-racers-(2023)-hindi-dubbed.html
Elemental (2023) ,https://www.filmyzilla.vg/movie/14350/Elemental-(2023)-english-movie.html
Black Clover Sword of the Wizard King (2023) ,https://www.filmyzilla.vg/movie/14331/Black-clover-sword-of-the-wizard-king-(2023)-hindi-dubbed.html
Spider-Man Across the Spider-Verse (2023) ,https://www.filmyzilla.vg/movie/14116/Spider-man-across-the-spider-verse-(2023)-hindi-dubbed.html
Spider-Man Across the Spider-Verse (2023) ,https://www.filmyzilla.vg/movie/14100/Spider-man-across-the-spider-verse-(2023)-english-movie.html
The Wind Guardians (2018) ,https://www.filmyzilla.vg/movie/14064/The-wind-guardians-(2018)-hindi-dubbed.html
The Swan Princess A Fairytale is Born (2023) ,https://www.filmyzilla.vg/movie/14046/The-swan-princess-a-fairytale-is-born-(2023)-hindi-dubbed.html
Kitti Katz (2023) ,https://www.filmyzilla.vg/movie/14034/Kitti-katz-(2023)-web-series.html
The Princess and the Dragon (2018) ,https://www.filmyzilla.vg/movie/13973/The-princess-and-the-dragon-(2018)-hindi-dubbed.html
Boonie Bears Back to Earth (2022) ,https://www.filmyzilla.vg/movie/13968/Boonie-bears-back-to-earth-(2022)-hindi-dubbed.html
Spirit Rangers (2023) Season 2 ,https://www.filmyzilla.vg/movie/13885/Spirit-rangers-(2023)-season-2-web-series.html
Clifford the Big Red Dog (2021) ,https://www.filmyzilla.vg/movie/13871/Clifford-the-big-red-dog-(2021)-hindi-dubbed.html
Rock Dog 3 Battle the Beat (2023) ,https://www.filmyzilla.vg/movie/13693/Rock-dog-3-battle-the-beat-(2023)-hindi-dubbed.html
Suzume No Tojimari (2022) ,https://www.filmyzilla.vg/movie/13663/Suzume-no-tojimari-(2022)-hindi-dubbed.html
The Super Mario Bros  (2023) ,https://www.filmyzilla.vg/movie/13510/The-super-mario-bros-movie-(2023)-hindi-dubbed.html
The Super Mario Bros  (2023) ,https://www.filmyzilla.vg/movie/13473/The-super-mario-bros-movie-(2023)-english-movie.html
The Land Before Time XII The Great Day of the Flyers (2006) ,https://www.filmyzilla.vg/movie/13436/The-land-before-time-xii-the-great-day-of-the-flyers-(2006)-hindi-dubbed.html
Maya The Bee The Golden Orb (2021) ,https://www.filmyzilla.vg/movie/13413/Maya-the-bee-the-golden-orb-(2021)-hindi-dubbed.html
Mummies (2023) ,https://www.filmyzilla.vg/movie/13371/Mummies-(2023)-hindi-dubbed.html
Tad the Lost Explorer and the Emerald Tablet (2022) ,https://www.filmyzilla.vg/movie/13356/Tad-the-lost-explorer-and-the-emerald-tablet-(2022)-hindi-dubbed.html
Gabbys Dollhouse (2023) Season 7 ,https://www.filmyzilla.vg/movie/13363/Gabbys-dollhouse-(2023)-season-7-web-series.html
Batman The Doom That Came to Gotham (2023) ,https://www.filmyzilla.vg/movie/13305/Batman-the-doom-that-came-to-gotham-(2023)-hindi-dubbed.html
Agent Elvis (2023) ,https://www.filmyzilla.vg/movie/13284/Agent-elvis-(2023)-web-series.html
The Magicians Elephant (2023) ,https://www.filmyzilla.vg/movie/13261/The-magicians-elephant-(2023)-hindi-dubbed.html
A HOME (2022) ,https://www.filmyzilla.vg/movie/13236/A-home-(2022)-hindi-dubbed.html
The Hero of Color City (2014) ,https://www.filmyzilla.vg/movie/13232/The-hero-of-color-city-(2014)-hindi-dubbed.html
Planes Fire Rescue (2014) ,https://www.filmyzilla.vg/movie/13199/Planes-fire-rescue-(2014)-hindi-dubbed.html
Mummies (2023) ,https://www.filmyzilla.vg/movie/13187/Mummies-(2023)-hindi-dubbed.html
Planes (2013) ,https://www.filmyzilla.vg/movie/13195/Planes-(2013)-hindi-dubbed.html
Boonie Bears Blast Into the Past (2019) ,https://www.filmyzilla.vg/movie/10234/Boonie-bears-blast-into-the-past-(2019)-english-movie.html
Mosley (2019) ,https://www.filmyzilla.vg/movie/10270/Mosley-(2019)-english-movie.html
Legion of Super-Heroes (2022) ,https://www.filmyzilla.vg/movie/12931/Legion-of-super-heroes-(2022)-hindi-dubbed.html
Toy Story 4 (2019) d ,https://www.filmyzilla.vg/movie/10243/Toy-story-4-(2019)-hindi-dubbedd.html
Toy Story 3 (2010) d ,https://www.filmyzilla.vg/movie/10250/Toy-story-3-(2010)-hindi-dubbedd.html
Ne Zha (2019) ,https://www.filmyzilla.vg/movie/10307/Ne-zha-(2019)-english-movie.html
Dolphin Boy (2022) ,https://www.filmyzilla.vg/movie/12941/Dolphin-boy-(2022)-hindi-dubbed.html
Toy Story 2 (1999) ,https://www.filmyzilla.vg/movie/10259/Toy-story-2-(1999)-hindi-dubbed.html
Chhota Bheem Aur Nawadir Ke Shehzade (2019) ,https://www.filmyzilla.vg/movie/8792/Chhota-bheem-aur-nawadir-ke-shehzade-(2019)-hindi-movie.html
Toy Story (1995) ,https://www.filmyzilla.vg/movie/10267/Toy-story-(1995)-hindi-dubbed.html
Chhota Bheem aur Kaalsura Ka Jaadui Jaal (2019) ,https://www.filmyzilla.vg/movie/8822/Chhota-bheem-aur-kaalsura-ka-jaadui-jaal-(2019)-hindi-movie.html
Lupin the 3rd vs Cats Eye (2023) ,https://www.filmyzilla.vg/movie/12455/Lupin-the-3rd-vs-cats-eye-(2023)-hindi-dubbed.html
Garfield A Tail of Two Kitties (2006) ,https://www.filmyzilla.vg/movie/11140/Garfield-a-tail-of-two-kitties-(2006)-english-movie.html
Osmosis Jones (2001) ,https://www.filmyzilla.vg/movie/11151/Osmosis-jones-(2001)-english-movie.html
Bilal A New Breed of Hero (2015) ,https://www.filmyzilla.vg/movie/10205/Bilal-a-new-breed-of-hero-(2015)-english-movie.html
9 (2009) ,https://www.filmyzilla.vg/movie/12889/9-(2009)-hindi-dubbed.html
