,movie_name,URL
0,Deceptive Diva (2019) ,https://www.filmyzilla.vg/movie/15600/Deceptive-diva-(2019)-hindi-movie.html
1,Kusum Manohar Lele (2019) ,https://www.filmyzilla.vg/movie/14238/Kusum-manohar-lele-(2019)-hindi-movie.html
2,P Se Pyaar F Se Faraar (2019) ,https://www.filmyzilla.vg/movie/12729/P-se-pyaar-f-se-faraar-(2019)-hindi-movie.html
3,Odd Couple (2019) ,https://www.filmyzilla.vg/movie/8740/Odd-couple-(2019)-hindi-movie.html
4,Blackia (2019) ,https://www.filmyzilla.vg/movie/8744/Blackia-(2019)-hindi-movie.html
5,Wo Jo Tha EK Messiah Maulana Azad (2019) ,https://www.filmyzilla.vg/movie/8749/Wo-jo-tha-ek-messiah-maulana-azad-(2019)-hindi-movie.html
6,Aap Kaatar Me Hai (2019) ,https://www.filmyzilla.vg/movie/8752/Aap-kaatar-me-hai-(2019)-hindi-movie.html
7,Aamis (2019) ,https://www.filmyzilla.vg/movie/8757/Aamis-(2019)-hindi-movie.html
8,PM Narendra Modi (2019) ,https://www.filmyzilla.vg/movie/8761/Pm-narendra-modi-(2019)-hindi-movie.html
9,Rocky (2019) ,https://www.filmyzilla.vg/movie/8765/Rocky-(2019)-hindi-movie.html
10,The Pickup Artist (2019) ,https://www.filmyzilla.vg/movie/8769/The-pickup-artist-(2019)-hindi-movie.html
11,Naughty Gang (2019) ,https://www.filmyzilla.vg/movie/8773/Naughty-gang-(2019)-hindi-movie.html
12,Cypher Shoonya Se Shikhar Tak (2019) ,https://www.filmyzilla.vg/movie/8779/Cypher-shoonya-se-shikhar-tak-(2019)-hindi-movie.html
13,Kadke Kamal Ke (2019) ,https://www.filmyzilla.vg/movie/8783/Kadke-kamal-ke-(2019)-hindi-movie.html
14,Antenna (2019) ,https://www.filmyzilla.vg/movie/8790/Antenna-(2019)-hindi-movie.html
15,Chhota Bheem Aur Nawadir Ke Shehzade (2019) ,https://www.filmyzilla.vg/movie/8792/Chhota-bheem-aur-nawadir-ke-shehzade-(2019)-hindi-movie.html
16,College Fukrey (2019) ,https://www.filmyzilla.vg/movie/8798/College-fukrey-(2019)-hindi-movie.html
17,Ammaa Ki Boli (2019) ,https://www.filmyzilla.vg/movie/8809/Ammaa-ki-boli-(2019)-hindi-movie.html
18,I Am Zero (2019) ,https://www.filmyzilla.vg/movie/8816/I-am-zero-(2019)-hindi-movie.html
19,Chhota Bheem aur Kaalsura Ka Jaadui Jaal (2019) ,https://www.filmyzilla.vg/movie/8822/Chhota-bheem-aur-kaalsura-ka-jaadui-jaal-(2019)-hindi-movie.html
20,Nakkash (2019) ,https://www.filmyzilla.vg/movie/8830/Nakkash-(2019)-hindi-movie.html
21,Little Baby (2019) ,https://www.filmyzilla.vg/movie/8833/Little-baby-(2019)-hindi-movie.html
22,Nirvana Inn (2019) ,https://www.filmyzilla.vg/movie/8842/Nirvana-inn-(2019)-hindi-movie.html
23,Dombivli Return (2019) ,https://www.filmyzilla.vg/movie/8843/Dombivli-return-(2019)-hindi-movie.html
24,Phulmania (2019) ,https://www.filmyzilla.vg/movie/8854/Phulmania-(2019)-hindi-movie.html
25,Lovely Da Dhaba (2019) ,https://www.filmyzilla.vg/movie/8862/Lovely-da-dhaba-(2019)-hindi-movie.html
26,Parey Hut Love (2019) ,https://www.filmyzilla.vg/movie/8874/Parey-hut-love-(2019)-hindi-movie.html
27,Kasganj (2019) ,https://www.filmyzilla.vg/movie/7551/Kasganj-(2019)-hindi-movie.html
28,Axone (2019) ,https://www.filmyzilla.vg/movie/7554/Axone-(2019)-hindi-movie.html
29,State vs Malti Mhaske (2019) ,https://www.filmyzilla.vg/movie/7564/State-vs-malti-mhaske-(2019)-hindi-movie.html
30,Jhalki (2019) ,https://www.filmyzilla.vg/movie/7566/Jhalki-(2019)-hindi-movie.html
31,Chippa (2019) ,https://www.filmyzilla.vg/movie/7556/Chippa-(2019)-hindi-movie.html
32,Chhorriyan Chhoron Se Kam Nahi Hoti (2019) ,https://www.filmyzilla.vg/movie/7558/Chhorriyan-chhoron-se-kam-nahi-hoti-(2019)-hindi-movie.html
33,Blackboard vs Whiteboard (2019) ,https://www.filmyzilla.vg/movie/7568/Blackboard-vs-whiteboard-(2019)-hindi-movie.html
34,Yeh Saali Aashiqui (2019) ,https://www.filmyzilla.vg/movie/7570/Yeh-saali-aashiqui-(2019)-hindi-movie.html
35,Marne Bhi Do Yaaron (2019) ,https://www.filmyzilla.vg/movie/7582/Marne-bhi-do-yaaron-(2019)-hindi-movie.html
36,Umakant Pandey Purush Ya (2019) e ,https://www.filmyzilla.vg/movie/8888/Umakant-pandey-purush-ya-(2019)-hindi-moviee.html
37,Phati Padi Hai Yaar (2019) ,https://www.filmyzilla.vg/movie/7548/Phati-padi-hai-yaar-(2019)-hindi-movie.html
38,Yaaram (2019) ,https://www.filmyzilla.vg/movie/7549/Yaaram-(2019)-hindi-movie.html
39,Mudda 370 J K (2019) ,https://www.filmyzilla.vg/movie/7560/Mudda-370-j-k-(2019)-hindi-movie.html
40,Ye Ladki Bhi Na (2019) ,https://www.filmyzilla.vg/movie/7562/Ye-ladki-bhi-na-(2019)-hindi-movie.html
41,Kissebaaz (2019) ,https://www.filmyzilla.vg/movie/7572/Kissebaaz-(2019)-hindi-movie.html
42,Gumnaami (2019) ,https://www.filmyzilla.vg/movie/7574/Gumnaami-(2019)-hindi-movie.html
43,Good Newwz (2019) ,https://www.filmyzilla.vg/movie/7584/Good-newwz-(2019)-hindi-movie.html
44,Mushkil (2019) ,https://www.filmyzilla.vg/movie/7586/Mushkil-(2019)-hindi-movie.html
45,Motichoor Chaknachoor (2019) ,https://www.filmyzilla.vg/movie/7576/Motichoor-chaknachoor-(2019)-hindi-movie.html
46,Paharganj (2019) ,https://www.filmyzilla.vg/movie/7578/Paharganj-(2019)-hindi-movie.html
47,Dabangg 3 (2019) Bollywood ,https://www.filmyzilla.vg/movie/7588/Dabangg-3-(2019)-bollywood-movie.html
48,Love Shots (2019) ,https://www.filmyzilla.vg/movie/7580/Love-shots-(2019)-hindi-movie.html
49,Mardaani 2 (2019) ,https://www.filmyzilla.vg/movie/7590/Mardaani-2-(2019)-hindi-movie.html
50,The Body (2019) ,https://www.filmyzilla.vg/movie/7592/The-body-(2019)-hindi-movie.html
51,The Sky Is Pink (2019) ,https://www.filmyzilla.vg/movie/7594/The-sky-is-pink-(2019)-hindi-movie.html
52,Pati Patni Aur Woh (2019) ,https://www.filmyzilla.vg/movie/6498/Pati-patni-aur-woh-(2019)-hindi-movie.html
53,Panipat (2019) ,https://www.filmyzilla.vg/movie/7596/Panipat-(2019)-hindi-movie.html
54,Hotel Mumbai (2019) ,https://www.filmyzilla.vg/movie/6503/Hotel-mumbai-(2019)-hindi-movie.html
55,Commando 3 (2019) e ,https://www.filmyzilla.vg/movie/6508/Commando-3-(2019)-hindi-moviee.html
56,Pagalpanti (2019) e ,https://www.filmyzilla.vg/movie/6514/Pagalpanti-(2019)-hindi-moviee.html
57,Dosti Ke Side Effects (2019) ,https://www.filmyzilla.vg/movie/6519/Dosti-ke-side-effects-(2019)-hindi-movie.html
58,House Arrest (2019) ,https://www.filmyzilla.vg/movie/6524/House-arrest-(2019)-hindi-movie.html
59,Marjaavaan (2019) ,https://www.filmyzilla.vg/movie/6529/Marjaavaan-(2019)-hindi-movie.html
60,Three Girls (2019) ,https://www.filmyzilla.vg/movie/6534/Three-girls-(2019)-hindi-movie.html
61,SP Chauhan (2019) ,https://www.filmyzilla.vg/movie/6538/Sp-chauhan-(2019)-hindi-movie.html
62,Bala (2019) ,https://www.filmyzilla.vg/movie/6542/Bala-(2019)-hindi-movie.html
63,Bypass Road (2019) ,https://www.filmyzilla.vg/movie/6546/Bypass-road-(2019)-hindi-movie.html
64,Satellite Shankar (2019) ,https://www.filmyzilla.vg/movie/6550/Satellite-shankar-(2019)-hindi-movie.html
65,Gone Kesh (2019) ,https://www.filmyzilla.vg/movie/6554/Gone-kesh-(2019)-hindi-movie.html
66,Drive (2019) ,https://www.filmyzilla.vg/movie/6559/Drive-(2019)-hindi-movie.html
67,Saand Ki Aankh (2019) ,https://www.filmyzilla.vg/movie/6563/Saand-ki-aankh-(2019)-hindi-movie.html
68,Made In China (2019) ,https://www.filmyzilla.vg/movie/6565/Made-in-china-(2019)-hindi-movie.html
69,Gunwali Dulhaniya (2019) ,https://www.filmyzilla.vg/movie/6567/Gunwali-dulhaniya-(2019)-hindi-movie.html
70,Laal Kaptaan (2019) ,https://www.filmyzilla.vg/movie/6568/Laal-kaptaan-(2019)-hindi-movie.html
71,Ghost (2019) ,https://www.filmyzilla.vg/movie/6569/Ghost-(2019)-hindi-movie.html
72,Facebook Wala Pyaar (2019) ,https://www.filmyzilla.vg/movie/6570/Facebook-wala-pyaar-(2019)-hindi-movie.html
73,Jabariya Jodi (2019) ,https://www.filmyzilla.vg/movie/6571/Jabariya-jodi-(2019)-hindi-movie.html
74,Hyderabad Nawabs 2 (2019) ,https://www.filmyzilla.vg/movie/6572/Hyderabad-nawabs-2-(2019)-hindi-movie.html
75,War (2019) ,https://www.filmyzilla.vg/movie/6573/War-(2019)-hindi-movie.html
76,Is She Raju (2019) ,https://www.filmyzilla.vg/movie/5620/Is-she-raju-(2019)-hindi-movie.html
77,Pal Pal Dil Ke Paas (2019) ,https://www.filmyzilla.vg/movie/5624/Pal-pal-dil-ke-paas-(2019)-hindi-movie.html
78,Prassthanam (2019) ,https://www.filmyzilla.vg/movie/5628/Prassthanam-(2019)-hindi-movie.html
79,Dream Girl (2019) ,https://www.filmyzilla.vg/movie/5632/Dream-girl-(2019)-hindi-movie.html
80,Ram Ki Janmabhoomi (2019) ,https://www.filmyzilla.vg/movie/5637/Ram-ki-janmabhoomi-(2019)-hindi-movie.html
81,Section 375 (2019) ,https://www.filmyzilla.vg/movie/5641/Section-375-(2019)-hindi-movie.html
82,Dabangg 3 (2019) ,https://www.filmyzilla.vg/movie/5647/Dabangg-3-(2019)-hindi-movie.html
83,Albert Pinto Ko Gussa Kyun Aata Hai (2019) ,https://www.filmyzilla.vg/movie/5653/Albert-pinto-ko-gussa-kyun-aata-hai-(2019)-hindi-movie.html
84,Chicken Curry Law (2019) ,https://www.filmyzilla.vg/movie/5659/Chicken-curry-law-(2019)-hindi-movie.html
85,Chhichhore (2019) ,https://www.filmyzilla.vg/movie/5665/Chhichhore-(2019)-hindi-movie.html
86,Nude Chitraa (2019) ,https://www.filmyzilla.vg/movie/5671/Nude-chitraa-(2019)-hindi-movie.html
87,Smile Please (2019) ,https://www.filmyzilla.vg/movie/5676/Smile-please-(2019)-hindi-movie.html
88,The Zoya Factor (2019) ,https://www.filmyzilla.vg/movie/5681/The-zoya-factor-(2019)-hindi-movie.html
89,Posham Pa (2019) ,https://www.filmyzilla.vg/movie/5686/Posham-pa-(2019)-hindi-movie.html
90,Mission Mangal (2019) ,https://www.filmyzilla.vg/movie/5691/Mission-mangal-(2019)-hindi-movie.html
91,Pranaam (2019) ,https://www.filmyzilla.vg/movie/5701/Pranaam-(2019)-hindi-movie.html
92,Penalty (2019) ,https://www.filmyzilla.vg/movie/5706/Penalty-(2019)-hindi-movie.html
93,Barot House (2019) ,https://www.filmyzilla.vg/movie/5710/Barot-house-(2019)-hindi-movie.html
94,Khandaani Shafakhana (2019) ,https://www.filmyzilla.vg/movie/5715/Khandaani-shafakhana-(2019)-hindi-movie.html
95,Judgementall Hai Kya (2019) ,https://www.filmyzilla.vg/movie/5720/Judgementall-hai-kya-(2019)-hindi-movie.html
96,Arjun Patiala (2019) ,https://www.filmyzilla.vg/movie/5725/Arjun-patiala-(2019)-hindi-movie.html
97,One Day Justice Delivered (2019) ,https://www.filmyzilla.vg/movie/5730/One-day-justice-delivered-(2019)-hindi-movie.html
98,Family Of Thakurganj (2019) ,https://www.filmyzilla.vg/movie/5734/Family-of-thakurganj-(2019)-hindi-movie.html
99,Jhootha Kahin Ka (2019) ,https://www.filmyzilla.vg/movie/5738/Jhootha-kahin-ka-(2019)-hindi-movie.html
100,Chousar Firangi (2019) ,https://www.filmyzilla.vg/movie/4980/Chousar-firangi-(2019)-hindi-movie.html
101,Super 30 (2019) ,https://www.filmyzilla.vg/movie/4984/Super-30-(2019)-hindi-movie.html
102,Fastey Fasaate (2019) ,https://www.filmyzilla.vg/movie/4988/Fastey-fasaate-(2019)-hindi-movie.html
103,Hume Tumse Pyaar Kitna (2019) ,https://www.filmyzilla.vg/movie/4992/Hume-tumse-pyaar-kitna-(2019)-hindi-movie.html
104,Malaal (2019) ,https://www.filmyzilla.vg/movie/4996/Malaal-(2019)-hindi-movie.html
105,Article 15 (2019) ,https://www.filmyzilla.vg/movie/5000/Article-15-(2019)-hindi-movie.html
106,Kabir Singh (2019) ,https://www.filmyzilla.vg/movie/5004/Kabir-singh-(2019)-hindi-movie.html
107,Rakkhosh (2019) ,https://www.filmyzilla.vg/movie/5008/Rakkhosh-(2019)-hindi-movie.html
108,Game Over (2019) ,https://www.filmyzilla.vg/movie/5012/Game-over-(2019)-hindi-movie.html
109,Milan Talkies (2019) ,https://www.filmyzilla.vg/movie/5015/Milan-talkies-(2019)-hindi-movie.html
110,Marudhar Express (2019) ,https://www.filmyzilla.vg/movie/5021/Marudhar-express-(2019)-hindi-movie.html
111,Indias Most Wanted (2019) ,https://www.filmyzilla.vg/movie/5023/Indias-most-wanted-(2019)-hindi-movie.html
112,Hamid (2019) ,https://www.filmyzilla.vg/movie/5025/Hamid-(2019)-hindi-movie.html
113,Student of the Year 2 (2019) ,https://www.filmyzilla.vg/movie/5027/Student-of-the-year-2-(2019)-hindi-movie.html
114,22 Yards (2019) ,https://www.filmyzilla.vg/movie/5029/22-yards-(2019)-hindi-movie.html
115,Badnaam Gali (2019) ,https://www.filmyzilla.vg/movie/5030/Badnaam-gali-(2019)-hindi-movie.html
116,Yours Truly (2019) ,https://www.filmyzilla.vg/movie/5031/Yours-truly-(2019)-hindi-movie.html
117,Blank (2019) ,https://www.filmyzilla.vg/movie/5032/Blank-(2019)-hindi-movie.html
118,Setters (2019) ,https://www.filmyzilla.vg/movie/5033/Setters-(2019)-hindi-movie.html
119,Teen Aur Aadha (2019) ,https://www.filmyzilla.vg/movie/5034/Teen-aur-aadha-(2019)-hindi-movie.html
120,Little Things (2019) Season 2   Netflix Original ,https://www.filmyzilla.vg/movie/5035/Little-things-(2019)-season-2-hindi-web-series-netflix-original.html
121,Music Teacher (2019) ,https://www.filmyzilla.vg/movie/5036/Music-teacher-(2019)-hindi-movie.html
122,Fuh se Fantasy (2019) ,https://www.filmyzilla.vg/movie/5037/Fuh-se-fantasy-(2019)-hindi-movie.html
123,Sonchiriya (2019) ,https://www.filmyzilla.vg/movie/5038/Sonchiriya-(2019)-hindi-movie.html
124,Kalank (2019) ,https://www.filmyzilla.vg/movie/4384/Kalank-(2019)-hindi-movie.html
125,The Tashkent Files (2019) ,https://www.filmyzilla.vg/movie/4386/The-tashkent-files-(2019)-hindi-movie.html
126,Sharmaji Ki Lag Gai (2019) ,https://www.filmyzilla.vg/movie/4388/Sharmaji-ki-lag-gai-(2019)-hindi-movie.html
127,Notebook (2019) ,https://www.filmyzilla.vg/movie/4389/Notebook-(2019)-hindi-movie.html
128,Lashtam Pashtam (2018) ,https://www.filmyzilla.vg/movie/4390/Lashtam-pashtam-(2018)-hindi-movie.html
129,Mard Ko Dard Nahi Hota (2019) ,https://www.filmyzilla.vg/movie/4391/Mard-ko-dard-nahi-hota-(2019)-hindi-movie.html
130,Romeo Akbar Walter (2019) ,https://www.filmyzilla.vg/movie/4392/Romeo-akbar-walter-(2019)-hindi-movie.html
131,De De Pyaar De (2019) ,https://www.filmyzilla.vg/movie/4393/De-de-pyaar-de-(2019)-hindi-movie.html
132,Junglee (2019) ,https://www.filmyzilla.vg/movie/4394/Junglee-(2019)-hindi-movie.html
133,Milan Takies (2019) ,https://www.filmyzilla.vg/movie/4395/Milan-takies-(2019)-hindi-movie.html
134,72 Hours Martyr Who Never Died (2019) ,https://www.filmyzilla.vg/movie/4396/72-hours-martyr-who-never-died-(2019)-hindi-movie.html
135,Kesari (2019) ,https://www.filmyzilla.vg/movie/4397/Kesari-(2019)-hindi-movie.html
136,377 Normal (2019) ,https://www.filmyzilla.vg/movie/4398/377-normal-(2019)-hindi-movie.html
137,Firebrand (2019) ,https://www.filmyzilla.vg/movie/4399/Firebrand-(2019)-hindi-web-series.html
138,The Lovely Mrs Mookherjee (2019) ,https://www.filmyzilla.vg/movie/4400/The-lovely-mrs-mookherjee-(2019)-hindi-web-series.html
139,Mere Pyare Prime Minister (2019) ,https://www.filmyzilla.vg/movie/4401/Mere-pyare-prime-minister-(2019)-hindi-movie.html
140,Photograph (2019) ,https://www.filmyzilla.vg/movie/4402/Photograph-(2019)-hindi-movie.html
141,The Fakir of Venice (2019) ,https://www.filmyzilla.vg/movie/4410/The-fakir-of-venice-(2019)-hindi-movie.html
142,Amavas (2019) ,https://www.filmyzilla.vg/movie/3878/Amavas-(2019)-hindi-movie.html
143,Candyflip (2019) ,https://www.filmyzilla.vg/movie/4403/Candyflip-(2019)-hindi-movie.html
144,Gully Boy (2019) ,https://www.filmyzilla.vg/movie/3880/Gully-boy-(2019)-hindi-movie.html
145,Badla (2019) ,https://www.filmyzilla.vg/movie/4404/Badla-(2019)-hindi-movie.html
146,The Sholay Girl (2019) ,https://www.filmyzilla.vg/movie/4405/The-sholay-girl-(2019)-hindi-web-series.html
147,Bombairiya (2019) ,https://www.filmyzilla.vg/movie/3882/Bombairiya-(2019)-hindi-movie.html
148,Ek Ladki Ko Dekha Toh Aisa Laga (2019) ,https://www.filmyzilla.vg/movie/3884/Ek-ladki-ko-dekha-toh-aisa-laga-(2019)-hindi-movie.html
149,Sex Drugs And Theatre (2019) ,https://www.filmyzilla.vg/movie/4406/Sex-drugs-and-theatre-(2019)-hindi-web-series.html
150,Rubaru Roshni (2019) ,https://www.filmyzilla.vg/movie/3886/Rubaru-roshni-(2019)-hindi-movie.html
151,Hum Chaar (2019) ,https://www.filmyzilla.vg/movie/4407/Hum-chaar-(2019)-hindi-movie.html
152,Luka Chuppi (2019)  Full ,https://www.filmyzilla.vg/movie/4408/Luka-chuppi-(2019)-hindi-full-movie.html
153,Thackeray (2019) ,https://www.filmyzilla.vg/movie/3888/Thackeray-(2019)-hindi-movie.html
154,Total Dhamaal (2019) ,https://www.filmyzilla.vg/movie/4409/Total-dhamaal-(2019)-hindi-movie.html
155,Luka Chuppi (2019) ,https://www.filmyzilla.vg/movie/3892/Luka-chuppi-(2019)-hindi-movie.html
156,Rangeela Raja (2019) ,https://www.filmyzilla.vg/movie/3894/Rangeela-raja-(2019)-hindi-movie.html
157,Fraud Saiyaan (2019) ,https://www.filmyzilla.vg/movie/3896/Fraud-saiyaan-(2019)-hindi-movie.html
158,Battalion 609 (2019) ,https://www.filmyzilla.vg/movie/3898/Battalion-609-(2019)-hindi-movie.html
159,Why Cheat India (2019) ,https://www.filmyzilla.vg/movie/3900/Why-cheat-india-(2019)-hindi-movie.html
160,URI The Surgical Strike (2019) ,https://www.filmyzilla.vg/movie/3901/Uri-the-surgical-strike-(2019)-hindi-movie.html
161,Purdah (2019) ,https://www.filmyzilla.vg/movie/3902/Purdah-(2019)-hindi-movie.html
162,The Accidental Prime Minister (2019) ,https://www.filmyzilla.vg/movie/3903/The-accidental-prime-minister-(2019)-hindi-movie.html
163,Generation Gap (2019) ,https://www.filmyzilla.vg/movie/3904/Generation-gap-(2019)-hindi-movie.html
164,Cabaret (2019) ,https://www.filmyzilla.vg/movie/3905/Cabaret-(2019)-hindi-movie.html
